{
  "flood_test_summary": {
    "total_prediction_requests": 76,
    "successful_requests": 76,
    "failed_requests": 0,
    "success_rate_percent": 100.0,
    "response_time_stats": {
      "average_seconds": 0.6335573761086715,
      "min_seconds": 0.1826188564300537,
      "max_seconds": 2.918442487716675,
      "p50_seconds": 0.4390296936035156,
      "p95_seconds": 2.5427143573760986,
      "p99_seconds": 2.918442487716675
    },
    "all_response_times": [
      2.918442487716675,
      2.5811009407043457,
      0.5310647487640381,
      2.5427143573760986,
      0.39603209495544434,
      2.555410861968994,
      0.49553489685058594,
      0.4402315616607666,
      0.3280766010284424,
      0.34110188484191895,
      2.3946831226348877,
      0.27080416679382324,
      0.3051445484161377,
      0.2036278247833252,
      0.265841007232666,
      0.1854262351989746,
      0.5186610221862793,
      0.5165488719940186,
      0.4756314754486084,
      0.387631893157959,
      0.47957372665405273,
      0.4390296936035156,
      0.5308380126953125,
      0.520827054977417,
      0.49143242835998535,
      0.43261098861694336,
      1.1404354572296143,
      0.9830465316772461,
      1.3683841228485107,
      1.5315594673156738,
      1.0228400230407715,
      0.3884305953979492,
      0.46309876441955566,
      0.4446909427642822,
      0.38958144187927246,
      0.27084803581237793,
      0.32990288734436035,
      0.4515550136566162,
      0.3832054138183594,
      0.31174349784851074,
      0.3269355297088623,
      0.25703978538513184,
      0.26962780952453613,
      0.3259267807006836,
      0.28508734703063965,
      0.23342561721801758,
      0.4029066562652588,
      0.3848094940185547,
      0.1826188564300537,
      0.18690109252929688,
      0.30329203605651855,
      0.3668253421783447,
      0.22546005249023438,
      0.26859021186828613,
      0.32727766036987305,
      0.3514134883880615,
      0.31920409202575684,
      0.7580225467681885,
      0.7367854118347168,
      0.41278529167175293,
      0.787039041519165,
      0.9697458744049072,
      1.0899901390075684,
      0.8933360576629639,
      0.35544919967651367,
      0.43454575538635254,
      0.5931668281555176,
      0.5331001281738281,
      0.8303694725036621,
      0.759354829788208,
      0.8021724224090576,
      0.48194456100463867,
      0.3448634147644043,
      0.24432158470153809,
      0.6043252944946289,
      0.47435617446899414
    ],
    "sample_predictions": [
      {
        "prediction": "NORMAL",
        "confidence": 0.7836771756410599,
        "response_time": 2.918442487716675
      },
      {
        "prediction": "NORMAL",
        "confidence": 0.6089381575584412,
        "response_time": 2.5811009407043457
      },
      {
        "prediction": "NORMAL",
        "confidence": 0.6089381575584412,
        "response_time": 0.5310647487640381
      },
      {
        "prediction": "NORMAL",
        "confidence": 0.6089381575584412,
        "response_time": 2.5427143573760986
      },
      {
        "prediction": "PNEUMONIA",
        "confidence": 0.5542466640472412,
        "response_time": 0.39603209495544434
      },
      {
        "prediction": "NORMAL",
        "confidence": 0.6089381575584412,
        "response_time": 2.555410861968994
      },
      {
        "prediction": "NORMAL",
        "confidence": 0.6089381575584412,
        "response_time": 0.49553489685058594
      },
      {
        "prediction": "NORMAL",
        "confidence": 0.6089381575584412,
        "response_time": 0.4402315616607666
      },
      {
        "prediction": "PNEUMONIA",
        "confidence": 0.5542466640472412,
        "response_time": 0.3280766010284424
      },
      {
        "prediction": "PNEUMONIA",
        "confidence": 0.9988990426063538,
        "response_time": 0.34110188484191895
      }
    ]
  }
}